{
  "method": "icm",
  "timestamp": "2025-11-06T10:41:35.156183",
  "accuracy": 0.42,
  "stderr": 0.04935585071701227,
  "n": 100,
  "correct": 42
}