{
  "method": "zero_shot_chat",
  "timestamp": "2025-11-06T10:27:44.103562",
  "accuracy": 0.7,
  "stderr": 0.14491376746189438,
  "n": 10,
  "correct": 7
}