{
  "method": "icm",
  "timestamp": "2025-11-06T10:27:52.229890",
  "accuracy": 0.5,
  "stderr": 0.15811388300841897,
  "n": 10,
  "correct": 5
}